id,hub_description,desk_description,role_description,persona_description
s_ep1_sp1_emp1,,,,
s_ep1_sp1_emp2,,,,
s_ep1_sp1,,,,
s_ep1_sp2_emp1,,,,
s_ep1_sp2_emp2,,,,
s_ep1_sp2,,,,
s_ep1_sp3_emp1,,,,
s_ep1_sp3_emp2,,,,
s_ep1_sp3,,,,
s_ep1,,,,
s_ep2_sp1_emp1,,,,
s_ep2_sp1_emp2,,,,
s_ep2_sp1,,,,
s_ep2_sp2_emp1,,,,
s_ep2_sp2_emp2,,,,
s_ep2_sp2,,,,
s_ep2_sp3_emp1,,,,
s_ep2_sp3_emp2,,,,
s_ep2_sp3,,,,
s_ep2,,,,
s_ep3_sp1_emp1,,,,
s_ep3_sp1_emp2,,,,
s_ep3_sp1,,,,
s_ep3_sp2_emp1,,,,
s_ep3_sp2_emp2,,,,
s_ep3_sp2,,,,
s_ep3_sp3_emp1,,,,
s_ep3_sp3_emp2,,,,
s_ep3_sp3,,,,
s_ep3,,,,
s_ep4_sp1_emp1,,,,
s_ep4_sp1_emp2,,,,
s_ep4_sp1,,,,
s_ep4_sp2_emp1,,,,
s_ep4_sp2_emp2,,,,
s_ep4_sp2,,,,
s_ep4_sp3_emp1,,,,
s_ep4_sp3_emp2,,,,
s_ep4_sp3,,,,
s_ep4,,,,
s_ep5_sp1_emp1,,,,
s_ep5_sp1_emp2,,,,
s_ep5_sp1,,,,
s_ep5_sp2_emp1,,,,
s_ep5_sp2_emp2,,,,
s_ep5_sp2,,,,
s_ep5_sp3_emp1,,,,
s_ep5_sp3_emp2,,,,
s_ep5_sp3,,,,
s_ep5,,,,
s_ep6_sp1_emp1,,,,
s_ep6_sp1_emp2,,,,
s_ep6_sp1,,,,
s_ep6_sp2_emp1,,,,
s_ep6_sp2_emp2,,,,
s_ep6_sp2,,,,
s_ep6_sp3_emp1,,,,
s_ep6_sp3_emp2,,,,
s_ep6_sp3,,,,
s_ep6,,,,
s_mp,,,,
p_ep1_sp1_emp1,,,,
p_ep1_sp1_emp2,,,,
p_ep1_sp1,,,,
p_ep1_sp2_emp1,,,,
p_ep1_sp2_emp2,,,,
p_ep1_sp2,,,,
p_ep1_sp3_emp1,,,,
p_ep1_sp3_emp2,,,,
p_ep1_sp3,,,,
p_ep1,,,,
p_ep2_sp1_emp1,,,,
p_ep2_sp1_emp2,,,,
p_ep2_sp1,,,,
p_ep2_sp2_emp1,,,,
p_ep2_sp2_emp2,,,,
p_ep2_sp2,,,,
p_ep2_sp3_emp1,,,,
p_ep2_sp3_emp2,,,,
p_ep2_sp3,,,,
p_ep2,,,,
p_ep3_sp1_emp1,,,,
p_ep3_sp1_emp2,,,,
p_ep3_sp1,,,,
p_ep3_sp2_emp1,,,,
p_ep3_sp2_emp2,,,,
p_ep3_sp2,,,,
p_ep3_sp3_emp1,,,,
p_ep3_sp3_emp2,,,,
p_ep3_sp3,,,,
p_ep3,,,,
p_ep4_sp1_emp1,,,,
p_ep4_sp1_emp2,,,,
p_ep4_sp1,,,,
p_ep4_sp2_emp1,,,,
p_ep4_sp2_emp2,,,,
p_ep4_sp2,,,,
p_ep4_sp3_emp1,,,,
p_ep4_sp3_emp2,,,,
p_ep4_sp3,,,,
p_ep4,,,,
p_ep5_sp1_emp1,,,,
p_ep5_sp1_emp2,,,,
p_ep5_sp1,,,,
p_ep5_sp2_emp1,,,,
p_ep5_sp2_emp2,,,,
p_ep5_sp2,,,,
p_ep5_sp3_emp1,,,,
p_ep5_sp3_emp2,,,,
p_ep5_sp3,,,,
p_ep5,,,,
p_ep6_sp1_emp1,,,,
p_ep6_sp1_emp2,,,,
p_ep6_sp1,,,,
p_ep6_sp2_emp1,,,,
p_ep6_sp2_emp2,,,,
p_ep6_sp2,,,,
p_ep6_sp3_emp1,,,,
p_ep6_sp3_emp2,,,,
p_ep6_sp3,,,,
p_ep6,,,,
p_mp,,,,
a_ep1_sp1_emp1,,,,
a_ep1_sp1_emp2,,,,
a_ep1_sp1,,,,
a_ep1_sp2_emp1,,,,
a_ep1_sp2_emp2,,,,
a_ep1_sp2,,,,
a_ep1_sp3_emp1,,,,
a_ep1_sp3_emp2,,,,
a_ep1_sp3,,,,
a_ep1,,,,
a_ep2_sp1_emp1,,,,
a_ep2_sp1_emp2,,,,
a_ep2_sp1,,,,
a_ep2_sp2_emp1,,,,
a_ep2_sp2_emp2,,,,
a_ep2_sp2,,,,
a_ep2_sp3_emp1,,,,
a_ep2_sp3_emp2,,,,
a_ep2_sp3,,,,
a_ep2,,,,
a_ep3_sp1_emp1,,,,
a_ep3_sp1_emp2,,,,
a_ep3_sp1,,,,
a_ep3_sp2_emp1,,,,
a_ep3_sp2_emp2,,,,
a_ep3_sp2,,,,
a_ep3_sp3_emp1,,,,
a_ep3_sp3_emp2,,,,
a_ep3_sp3,,,,
a_ep3,,,,
a_ep4_sp1_emp1,,,,
a_ep4_sp1_emp2,,,,
a_ep4_sp1,,,,
a_ep4_sp2_emp1,,,,
a_ep4_sp2_emp2,,,,
a_ep4_sp2,,,,
a_ep4_sp3_emp1,,,,
a_ep4_sp3_emp2,,,,
a_ep4_sp3,,,,
a_ep4,,,,
a_ep5_sp1_emp1,,,,
a_ep5_sp1_emp2,,,,
a_ep5_sp1,,,,
a_ep5_sp2_emp1,,,,
a_ep5_sp2_emp2,,,,
a_ep5_sp2,,,,
a_ep5_sp3_emp1,,,,
a_ep5_sp3_emp2,,,,
a_ep5_sp3,,,,
a_ep5,,,,
a_ep6_sp1_emp1,,,,
a_ep6_sp1_emp2,,,,
a_ep6_sp1,,,,
a_ep6_sp2_emp1,,,,
a_ep6_sp2_emp2,,,,
a_ep6_sp2,,,,
a_ep6_sp3_emp1,,,,
a_ep6_sp3_emp2,,,,
a_ep6_sp3,,,,
a_ep6,,,,
a_mp,,,,
d_ep1_sp1_emp1,,,,
d_ep1_sp1_emp2,,,,
d_ep1_sp1,,,,
d_ep1_sp2_emp1,,,,
d_ep1_sp2_emp2,,,,
d_ep1_sp2,,,,
d_ep1_sp3_emp1,,,,
d_ep1_sp3_emp2,,,,
d_ep1_sp3,,,,
d_ep1,,,,
d_ep2_sp1_emp1,,,,
d_ep2_sp1_emp2,,,,
d_ep2_sp1,,,,
d_ep2_sp2_emp1,,,,
d_ep2_sp2_emp2,,,,
d_ep2_sp2,,,,
d_ep2_sp3_emp1,,,,
d_ep2_sp3_emp2,,,,
d_ep2_sp3,,,,
d_ep2,,,,
d_ep3_sp1_emp1,,,,
d_ep3_sp1_emp2,,,,
d_ep3_sp1,,,,
d_ep3_sp2_emp1,,,,
d_ep3_sp2_emp2,,,,
d_ep3_sp2,,,,
d_ep3_sp3_emp1,,,,
d_ep3_sp3_emp2,,,,
d_ep3_sp3,,,,
d_ep3,,,,
d_ep4_sp1_emp1,,,,
d_ep4_sp1_emp2,,,,
d_ep4_sp1,,,,
d_ep4_sp2_emp1,,,,
d_ep4_sp2_emp2,,,,
d_ep4_sp2,,,,
d_ep4_sp3_emp1,,,,
d_ep4_sp3_emp2,,,,
d_ep4_sp3,,,,
d_ep4,,,,
d_ep5_sp1_emp1,,,,
d_ep5_sp1_emp2,,,,
d_ep5_sp1,,,,
d_ep5_sp2_emp1,,,,
d_ep5_sp2_emp2,,,,
d_ep5_sp2,,,,
d_ep5_sp3_emp1,,,,
d_ep5_sp3_emp2,,,,
d_ep5_sp3,,,,
d_ep5,,,,
d_ep6_sp1_emp1,,,,
d_ep6_sp1_emp2,,,,
d_ep6_sp1,,,,
d_ep6_sp2_emp1,,,,
d_ep6_sp2_emp2,,,,
d_ep6_sp2,,,,
d_ep6_sp3_emp1,,,,
d_ep6_sp3_emp2,,,,
d_ep6_sp3,,,,
d_ep6,,,,
d_mp,,,,